<?xml version="1.0" encoding="UTF-8"?>
<libraries:Library xmi:version="2.0" xmlns:xmi="http://www.omg.org/XMI" xmlns:libraries="http://www.ibm.com/websphere/appserver/schemas/5.0/libraries.xmi" xmi:id="Library_1361486612682" name="IMGMASAplInTakeWS_Lib" description="Mas External Webservice library">
  <classPath>${LIB_EXT_LOC}/ext_mas_ws/lib/aopalliance-1.0.jar</classPath>
  <classPath>${LIB_EXT_LOC}/ext_mas_ws/lib/commons-logging-1.1.1.jar</classPath>
  <classPath>${LIB_EXT_LOC}/ext_mas_ws/lib/cxf-2.6.3.jar</classPath>
  <classPath>${LIB_EXT_LOC}/ext_mas_ws/lib/FastInfoset-1.2.12.jar</classPath>
  <classPath>${LIB_EXT_LOC}/ext_mas_ws/lib/jettison-1.3.2.jar</classPath>
  <classPath>${LIB_EXT_LOC}/ext_mas_ws/lib/jsr311-api-1.1.1.jar</classPath>
  <classPath>${LIB_EXT_LOC}/ext_mas_ws/lib/neethi-3.0.2.jar</classPath>
  <classPath>${LIB_EXT_LOC}/ext_mas_ws/lib/spring-beans-3.0.7.RELEASE.jar</classPath>
  <classPath>${LIB_EXT_LOC}/ext_mas_ws/lib/spring-context-3.0.7.RELEASE.jar</classPath>
  <classPath>${LIB_EXT_LOC}/ext_mas_ws/lib/spring-core-3.0.7.RELEASE.jar</classPath>
  <classPath>${LIB_EXT_LOC}/ext_mas_ws/lib/wsdl4j-1.6.2.jar</classPath>
  <classPath>${LIB_EXT_LOC}/ext_mas_ws/lib/xmlschema-core-2.0.3.jar</classPath>
  <classPath>${LIB_EXT_LOC}/ext_mas_ws/lib/spring-asm-3.0.7.RELEASE.jar</classPath>
  <classPath>${LIB_EXT_LOC}/ext_mas_ws/lib/spring-expression-3.0.7.RELEASE.jar</classPath>
  <classPath>${LIB_EXT_LOC}/ext_mas_ws/lib/spring-aop-3.0.7.RELEASE.jar</classPath>
  <classPath>${LIB_EXT_LOC}/ext_mas_ws/lib/commons-io-1.4.jar</classPath>
  <classPath>C:\Users\smcenhim\Documents\Projects\MAS\MAS VSS\CM System Inbox\Product\Current\Technical\Software\IMG\MAS\Build\IMGMASAPLINTAKEWSRT\dist_siebel\siebelWSClient.jar</classPath>
  <classPath>${LIB_EXT_LOC}/ext_mas_ws/lib/spring-web-3.0.7.RELEASE.jar</classPath>
  <classPath>${LIB_EXT_LOC}/ext_mas_ws/lib/org.springframework.transaction-3.0.5.RELEASE.jar</classPath>
  <classPath>${LIB_EXT_LOC}/ext_mas_ws/lib/spring-batch-core-2.1.9.RELEASE.jar</classPath>
  <classPath>${LIB_EXT_LOC}/ext_mas_ws/lib/spring-batch-infrastructure-2.1.9.RELEASE.jar</classPath>
</libraries:Library>
