<?xml version="1.0" encoding="UTF-8"?>
<application id="Application_ID" version="5" xmlns="http://java.sun.com/xml/ns/javaee" xmlns:xsi="http://www.w3.org/2001/XMLSchema-instance" xsi:schemaLocation="http://java.sun.com/xml/ns/javaee http://java.sun.com/xml/ns/javaee/application_5.xsd">
 <display-name>IMGMASAPLINTAKEWS_EAR</display-name>
 <module id="Module_1373055067613">
 	<web>
 		<web-uri>IMGMASAPLINTAKEWS_WEB.war</web-uri>
 		<context-root>IMGMASAPLINTAKEWS</context-root>
 	</web>
 </module>
 </application> 