<?xml version="1.0" encoding="UTF-8"?>
<libraries:Library xmi:version="2.0" xmlns:xmi="http://www.omg.org/XMI" xmlns:libraries="http://www.ibm.com/websphere/appserver/schemas/5.0/libraries.xmi" xmi:id="Library_1361486612682" name="LEVEL3WS_Lib" description="Level3 Webservice library">
  <classPath>${LIB_EXT_LOC}/props</classPath>
  <classPath>${LIB_EXT_LOC}/aopalliance-1.0.jar</classPath>
  <classPath>${LIB_EXT_LOC}/commons-logging-1.1.1.jar</classPath>
  <classPath>${LIB_EXT_LOC}/cxf-2.6.3.jar</classPath>
  <classPath>${LIB_EXT_LOC}/FastInfoset-1.2.12.jar</classPath>
  <classPath>${LIB_EXT_LOC}/jettison-1.3.2.jar</classPath>
  <classPath>${LIB_EXT_LOC}/jsr311-api-1.1.1.jar</classPath>
  <classPath>${LIB_EXT_LOC}/neethi-3.0.2.jar</classPath>
  <classPath>${LIB_EXT_LOC}/spring-beans-3.0.7.RELEASE.jar</classPath>
  <classPath>${LIB_EXT_LOC}/spring-context-3.0.7.RELEASE.jar</classPath>
  <classPath>${LIB_EXT_LOC}/spring-core-3.0.7.RELEASE.jar</classPath>
  <classPath>${LIB_EXT_LOC}/wsdl4j-1.6.2.jar</classPath>
  <classPath>${LIB_EXT_LOC}/xmlschema-core-2.0.3.jar</classPath>
  <classPath>${LIB_EXT_LOC}/spring-asm-3.0.7.RELEASE.jar</classPath>
  <classPath>${LIB_EXT_LOC}/spring-expression-3.0.7.RELEASE.jar</classPath>
  <classPath>${LIB_EXT_LOC}/spring-aop-3.0.7.RELEASE.jar</classPath>
  <classPath>${LIB_EXT_LOC}/commons-io-1.4.jar</classPath>
  <classPath>${LIB_EXT_LOC}/commons-codec-1.10.jar</classPath>
  <classPath>${LIB_EXT_LOC}/siebelWSClient.jar</classPath>
  <classPath>${LIB_EXT_LOC}/spring-web-3.0.7.RELEASE.jar</classPath>
  <classPath>${LIB_EXT_LOC}/org.springframework.transaction-3.0.5.RELEASE.jar</classPath>
  <classPath>${LIB_EXT_LOC}/spring-batch-core-2.1.9.RELEASE.jar</classPath>
  <classPath>${LIB_EXT_LOC}/spring-batch-infrastructure-2.1.9.RELEASE.jar</classPath>
  <classPath>${LIB_EXT_LOC}/log4j-1.2.15.jar</classPath>
    
  <classPath>${LIB_EXT_LOC}/xmlsec-1.5.3.jar</classPath>
  <classPath>${LIB_EXT_LOC}/cxf-rt-ws-security-2.6.3.jar</classPath>
  <classPath>${LIB_EXT_LOC}/cxf-rt-ws-policy-2.6.3.jar</classPath>
  <classPath>${LIB_EXT_LOC}/bcprov-jdk16-1.45.jar</classPath>
  <classPath>${LIB_EXT_LOC}/wss4j-1.6.9.jar</classPath>

</libraries:Library>
